{"cameraMode":{"drawMode":0,"name":"Shaded","section":"Shading Mode"},"sceneLighting":true,"audioPlay":false,"sceneViewState":{"showFog":true,"showMaterialUpdate":true,"showSkybox":true,"showFlares":true,"showImageEffects":true,"showParticleSystems":true},"in2DMode":false,"pivot":{"x":-6.671428203582764,"y":8.166793823242188,"z":16.703765869140626},"rotation":{"x":-0.1463848203420639,"y":0.7549812197685242,"z":-0.18020926415920258,"w":-0.6132747530937195},"size":38.40353775024414,"orthographic":false}