{"cameraMode":{"drawMode":0,"name":"Shaded","section":"Shading Mode"},"sceneLighting":true,"audioPlay":false,"sceneViewState":{"showFog":true,"showMaterialUpdate":false,"showSkybox":true,"showFlares":true,"showImageEffects":true,"showParticleSystems":true},"in2DMode":false,"pivot":{"x":13.754318237304688,"y":-30.78268051147461,"z":14.9427490234375},"rotation":{"x":-0.10776293277740479,"y":0.885644257068634,"z":-0.25688692927360537,"w":-0.37152382731437685},"size":111.00517272949219,"orthographic":false}