{"cameraMode":{"drawMode":0,"name":"Shaded","section":"Shading Mode"},"sceneLighting":true,"audioPlay":false,"sceneViewState":{"showFog":true,"showMaterialUpdate":true,"showSkybox":true,"showFlares":true,"showImageEffects":true,"showParticleSystems":true},"in2DMode":false,"pivot":{"x":4.441843032836914,"y":0.7247591018676758,"z":8.40999984741211},"rotation":{"x":-0.0822444036602974,"y":0.9176055192947388,"z":-0.266157865524292,"w":-0.2835462987422943},"size":3.559811592102051,"orthographic":false}